sample	locus	read_count	molecule_count
sample1	ABCC3	77	73
sample1	ACADSB	153	149
sample1	ANXA2	79655	36327
sample1	ANXA4	9311	8068
sample1	AOX1	51	49
sample1	APOD	22	22
sample1	AQP3	1430	1362
sample1	ARG2	771	735
sample1	ARID5B	33	32
sample1	BCL6	565	550
sample1	C10orf10	1734	1683
sample1	C1R	9353	8022
sample1	C4BPA	206	200
sample1	CAAP1	1114	1067
sample1	CAMK2D	273	273
sample1	CD55	2849	2718
sample1	CEBPD	9035	8081
sample1	CFD	8623	7540
sample1	CLDN4	5422	5105
sample1	COMP	21	21
sample1	CP	3275	3066
sample1	CRABP2	1619	1557
sample1	CYC1	2984	2821
sample1	DDX52	841	817
sample1	DEFB1	11189	9768
sample1	DKK1	204	196
sample1	DPP4	153	145
sample1	DYNLT3	9521	8202
sample1	EDN3	4	4
sample1	EDNRB	351	342
sample1	EFNA1	1632	1572
sample1	ENPEP	75	73
sample1	ERCC_00004	0	0
sample1	ERCC_00108	0	0
sample1	ERCC_00116	0	0
sample1	ERCC_00136	0	0
sample1	FOXN2	948	920
sample1	G0S2	653	643
sample1	GADD45A	1042	1007
sample1	GBP2	4399	3988
sample1	GGNBP2	2515	2377
sample1	GNLY	21735	17869
sample1	GPX3	626	613
sample1	HABP2	45	45
sample1	HMBS	510	491
sample1	ICA1L	58	55
sample1	ID4	8994	7916
sample1	IDO1	8016	7298
sample1	IGFBP1	34	34
sample1	IL15	1539	1457
sample1	LAMB3	518	508
sample1	LEFTY1	12038	10552
sample1	MAOA	2833	2631
sample1	MAP3K5	917	883
sample1	MMP7	206	201
sample1	MT1G	107710	48770
sample1	MT1H	9690	8720
sample1	NDRG1	245	240
sample1	NNMT	428	414
sample1	OGT	1337	1276
sample1	OLFM1	181	175
sample1	PAEP	501	487
sample1	PPIP5K2	921	897
sample1	PRUNE2	1601	1540
sample1	RIC3	27	27
sample1	S100P	1351	1291
sample1	SDHA	3727	3483
sample1	SERPING1	10078	8854
sample1	SFRP4	1811	1726
sample1	SLC1A1	115	113
sample1	SPP1	3265	3080
sample1	TBP	1070	1034
sample1	TCN1	594	586
sample1	TPM2	5942	5444
sample1	TSPAN8	118	117
sample1	unmatched	17250	10497
sample1	YARS2	1819	1734
sample2	ABCC3	92	89
sample2	ACADSB	127	124
sample2	ANXA2	54291	29403
sample2	ANXA4	6695	5916
sample2	AOX1	35	34
sample2	APOD	5	5
sample2	AQP3	887	847
sample2	ARG2	689	665
sample2	ARID5B	27	26
sample2	BCL6	538	516
sample2	C10orf10	2212	2081
sample2	C1R	8016	6964
sample2	C4BPA	709	685
sample2	CAAP1	988	939
sample2	CAMK2D	270	265
sample2	CD55	2533	2401
sample2	CEBPD	9322	8220
sample2	CFD	10539	8976
sample2	CLDN4	5567	5198
sample2	COMP	29	29
sample2	CP	5219	4813
sample2	CRABP2	2367	2238
sample2	CYC1	2431	2285
sample2	DDX52	879	836
sample2	DEFB1	4424	4093
sample2	DKK1	204	194
sample2	DPP4	128	125
sample2	DYNLT3	6594	5840
sample2	EDN3	5	5
sample2	EDNRB	466	451
sample2	EFNA1	2019	1890
sample2	ENPEP	44	44
sample2	ERCC_00004	0	0
sample2	ERCC_00108	0	0
sample2	ERCC_00116	0	0
sample2	ERCC_00136	0	0
sample2	FOXN2	784	753
sample2	G0S2	357	348
sample2	GADD45A	1040	983
sample2	GBP2	4358	3945
sample2	GGNBP2	2141	2036
sample2	GNLY	44257	30336
sample2	GPX3	1527	1458
sample2	HABP2	93	90
sample2	HMBS	366	351
sample2	ICA1L	55	54
sample2	ID4	9084	7903
sample2	IDO1	3950	3697
sample2	IGFBP1	30	30
sample2	IL15	1437	1343
sample2	LAMB3	360	353
sample2	LEFTY1	4838	4489
sample2	MAOA	3250	3001
sample2	MAP3K5	881	839
sample2	MMP7	249	247
sample2	MT1G	101067	47197
sample2	MT1H	9505	8408
sample2	NDRG1	381	371
sample2	NNMT	743	717
sample2	OGT	967	924
sample2	OLFM1	310	291
sample2	PAEP	2928	2764
sample2	PPIP5K2	835	806
sample2	PRUNE2	889	850
sample2	RIC3	19	19
sample2	S100P	981	931
sample2	SDHA	2635	2487
sample2	SERPING1	10166	8862
sample2	SFRP4	2574	2403
sample2	SLC1A1	109	108
sample2	SPP1	19877	15511
sample2	TBP	1096	1048
sample2	TCN1	209	207
sample2	TPM2	6406	5828
sample2	TSPAN8	104	102
sample2	unmatched	26633	16560
sample2	YARS2	1638	1557
sample3	ABCC3	31	31
sample3	ACADSB	104	102
sample3	ANXA2	67872	33267
sample3	ANXA4	10757	9154
sample3	AOX1	29	29
sample3	APOD	10	10
sample3	AQP3	1124	1082
sample3	ARG2	506	498
sample3	ARID5B	23	23
sample3	BCL6	403	390
sample3	C10orf10	1763	1685
sample3	C1R	6403	5696
sample3	C4BPA	598	582
sample3	CAAP1	1094	1037
sample3	CAMK2D	308	302
sample3	CD55	2785	2653
sample3	CEBPD	10271	9107
sample3	CFD	7040	6289
sample3	CLDN4	6098	5708
sample3	COMP	23	23
sample3	CP	1631	1569
sample3	CRABP2	1705	1646
sample3	CYC1	2863	2724
sample3	DDX52	493	477
sample3	DEFB1	18817	15300
sample3	DKK1	154	150
sample3	DPP4	104	99
sample3	DYNLT3	9459	8205
sample3	EDN3	12	11
sample3	EDNRB	613	595
sample3	EFNA1	1868	1787
sample3	ENPEP	41	40
sample3	ERCC_00004	0	0
sample3	ERCC_00108	0	0
sample3	ERCC_00116	0	0
sample3	ERCC_00136	0	0
sample3	FOXN2	724	703
sample3	G0S2	2133	2044
sample3	GADD45A	1074	1022
sample3	GBP2	3465	3229
sample3	GGNBP2	2102	2011
sample3	GNLY	6380	5966
sample3	GPX3	1212	1167
sample3	HABP2	60	59
sample3	HMBS	427	415
sample3	ICA1L	51	51
sample3	ID4	5979	5484
sample3	IDO1	3898	3689
sample3	IGFBP1	17	16
sample3	IL15	969	918
sample3	LAMB3	469	458
sample3	LEFTY1	4567	4287
sample3	MAOA	2565	2419
sample3	MAP3K5	823	803
sample3	MMP7	127	126
sample3	MT1G	140790	53772
sample3	MT1H	14150	12212
sample3	NDRG1	305	303
sample3	NNMT	851	825
sample3	OGT	795	768
sample3	OLFM1	264	253
sample3	PAEP	6432	5963
sample3	PPIP5K2	744	721
sample3	PRUNE2	2608	2499
sample3	RIC3	18	18
sample3	S100P	871	841
sample3	SDHA	3136	2958
sample3	SERPING1	7167	6500
sample3	SFRP4	1462	1414
sample3	SLC1A1	147	147
sample3	SPP1	2772	2637
sample3	TBP	1093	1060
sample3	TCN1	562	547
sample3	TPM2	4815	4519
sample3	TSPAN8	120	118
sample3	unmatched	17643	10235
sample3	YARS2	1207	1165
sample4	ABCC3	73	73
sample4	ACADSB	137	132
sample4	ANXA2	65108	32773
sample4	ANXA4	11744	9790
sample4	AOX1	51	51
sample4	APOD	12	12
sample4	AQP3	1599	1524
sample4	ARG2	564	550
sample4	ARID5B	33	32
sample4	BCL6	627	606
sample4	C10orf10	6921	6268
sample4	C1R	8074	7034
sample4	C4BPA	1423	1346
sample4	CAAP1	623	589
sample4	CAMK2D	212	210
sample4	CD55	4042	3790
sample4	CEBPD	12215	10560
sample4	CFD	9346	8146
sample4	CLDN4	6114	5677
sample4	COMP	34	34
sample4	CP	10201	8966
sample4	CRABP2	837	807
sample4	CYC1	1876	1793
sample4	DDX52	1116	1076
sample4	DEFB1	20236	16230
sample4	DKK1	371	356
sample4	DPP4	112	106
sample4	DYNLT3	6785	6054
sample4	EDN3	2	2
sample4	EDNRB	546	524
sample4	EFNA1	2328	2196
sample4	ENPEP	27	26
sample4	ERCC_00004	0	0
sample4	ERCC_00108	0	0
sample4	ERCC_00116	0	0
sample4	ERCC_00136	0	0
sample4	FOXN2	535	518
sample4	G0S2	527	512
sample4	GADD45A	1333	1272
sample4	GBP2	5932	5275
sample4	GGNBP2	1390	1342
sample4	GNLY	3522	3340
sample4	GPX3	1170	1131
sample4	HABP2	309	306
sample4	HMBS	278	270
sample4	ICA1L	33	32
sample4	ID4	6309	5749
sample4	IDO1	6118	5659
sample4	IGFBP1	175	172
sample4	IL15	1458	1370
sample4	LAMB3	1180	1137
sample4	LEFTY1	6607	6074
sample4	MAOA	3845	3532
sample4	MAP3K5	810	787
sample4	MMP7	295	282
sample4	MT1G	98063	46931
sample4	MT1H	12641	10910
sample4	NDRG1	422	411
sample4	NNMT	1516	1456
sample4	OGT	668	655
sample4	OLFM1	109	107
sample4	PAEP	4314	4051
sample4	PPIP5K2	426	415
sample4	PRUNE2	1398	1340
sample4	RIC3	12	12
sample4	S100P	10561	8670
sample4	SDHA	1944	1882
sample4	SERPING1	10653	9309
sample4	SFRP4	1091	1064
sample4	SLC1A1	101	100
sample4	SPP1	14518	12093
sample4	TBP	657	639
sample4	TCN1	213	208
sample4	TPM2	5797	5321
sample4	TSPAN8	107	107
sample4	unmatched	18590	10916
sample4	YARS2	976	936
sample5	ABCC3	58	56
sample5	ACADSB	112	109
sample5	ANXA2	78976	36376
sample5	ANXA4	11499	9686
sample5	AOX1	32	32
sample5	APOD	9	9
sample5	AQP3	1215	1163
sample5	ARG2	426	422
sample5	ARID5B	27	27
sample5	BCL6	382	371
sample5	C10orf10	1117	1087
sample5	C1R	6948	6182
sample5	C4BPA	382	372
sample5	CAAP1	981	937
sample5	CAMK2D	233	231
sample5	CD55	1979	1909
sample5	CEBPD	8564	7689
sample5	CFD	6297	5683
sample5	CLDN4	6842	6334
sample5	COMP	24	24
sample5	CP	3960	3727
sample5	CRABP2	2120	2047
sample5	CYC1	2809	2656
sample5	DDX52	468	457
sample5	DEFB1	9267	8247
sample5	DKK1	184	179
sample5	DPP4	70	67
sample5	DYNLT3	8609	7490
sample5	EDN3	8	8
sample5	EDNRB	237	234
sample5	EFNA1	1616	1550
sample5	ENPEP	24	24
sample5	ERCC_00004	0	0
sample5	ERCC_00108	0	0
sample5	ERCC_00116	0	0
sample5	ERCC_00136	0	0
sample5	FOXN2	753	714
sample5	G0S2	554	539
sample5	GADD45A	1081	1034
sample5	GBP2	3470	3218
sample5	GGNBP2	2063	1969
sample5	GNLY	13385	11618
sample5	GPX3	622	599
sample5	HABP2	36	36
sample5	HMBS	629	615
sample5	ICA1L	62	61
sample5	ID4	11083	9538
sample5	IDO1	4078	3836
sample5	IGFBP1	23	22
sample5	IL15	1033	991
sample5	LAMB3	640	626
sample5	LEFTY1	8512	7734
sample5	MAOA	2013	1913
sample5	MAP3K5	671	654
sample5	MMP7	96	92
sample5	MT1G	115407	49936
sample5	MT1H	11186	9841
sample5	NDRG1	303	298
sample5	NNMT	355	342
sample5	OGT	651	629
sample5	OLFM1	146	143
sample5	PAEP	997	971
sample5	PPIP5K2	656	642
sample5	PRUNE2	1746	1674
sample5	RIC3	15	15
sample5	S100P	903	876
sample5	SDHA	3449	3252
sample5	SERPING1	7794	6974
sample5	SFRP4	1276	1240
sample5	SLC1A1	131	129
sample5	SPP1	23484	18049
sample5	TBP	815	795
sample5	TCN1	473	464
sample5	TPM2	5501	5121
sample5	TSPAN8	100	95
sample5	unmatched	16994	10556
sample5	YARS2	1286	1229
sample6	ABCC3	34	32
sample6	ACADSB	61	57
sample6	ANXA2	37820	23406
sample6	ANXA4	3280	3059
sample6	AOX1	25	24
sample6	APOD	6	6
sample6	AQP3	485	470
sample6	ARG2	351	335
sample6	ARID5B	6	6
sample6	BCL6	197	194
sample6	C10orf10	831	809
sample6	C1R	2762	2592
sample6	C4BPA	81	80
sample6	CAAP1	601	578
sample6	CAMK2D	201	198
sample6	CD55	869	835
sample6	CEBPD	3838	3592
sample6	CFD	1911	1813
sample6	CLDN4	3199	3050
sample6	COMP	9	8
sample6	CP	482	467
sample6	CRABP2	1378	1339
sample6	CYC1	1639	1581
sample6	DDX52	371	360
sample6	DEFB1	3692	3483
sample6	DKK1	82	79
sample6	DPP4	63	61
sample6	DYNLT3	2938	2756
sample6	EDN3	5	5
sample6	EDNRB	118	117
sample6	EFNA1	720	701
sample6	ENPEP	19	19
sample6	ERCC_00004	0	0
sample6	ERCC_00108	0	0
sample6	ERCC_00116	0	0
sample6	ERCC_00136	0	0
sample6	FOXN2	481	469
sample6	G0S2	314	304
sample6	GADD45A	381	371
sample6	GBP2	1432	1375
sample6	GGNBP2	1150	1114
sample6	GNLY	5229	4893
sample6	GPX3	274	270
sample6	HABP2	21	20
sample6	HMBS	320	314
sample6	ICA1L	19	19
sample6	ID4	4353	4045
sample6	IDO1	3153	2976
sample6	IGFBP1	5	5
sample6	IL15	740	715
sample6	LAMB3	257	248
sample6	LEFTY1	4151	3897
sample6	MAOA	891	854
sample6	MAP3K5	441	423
sample6	MMP7	84	83
sample6	MT1G	26576	20632
sample6	MT1H	2951	2808
sample6	NDRG1	73	73
sample6	NNMT	232	225
sample6	OGT	468	456
sample6	OLFM1	75	74
sample6	PAEP	125	122
sample6	PPIP5K2	425	413
sample6	PRUNE2	355	346
sample6	RIC3	6	6
sample6	S100P	923	879
sample6	SDHA	1765	1688
sample6	SERPING1	3104	2909
sample6	SFRP4	2037	1953
sample6	SLC1A1	65	63
sample6	SPP1	13506	11348
sample6	TBP	468	450
sample6	TCN1	196	192
sample6	TPM2	3183	2996
sample6	TSPAN8	40	39
sample6	unmatched	7971	5582
sample6	YARS2	741	724
sample7	ABCC3	59	56
sample7	ACADSB	109	100
sample7	ANXA2	58193	30158
sample7	ANXA4	11021	9203
sample7	AOX1	45	43
sample7	APOD	12	12
sample7	AQP3	1970	1843
sample7	ARG2	136	133
sample7	ARID5B	55	50
sample7	BCL6	215	206
sample7	C10orf10	790	764
sample7	C1R	12137	9879
sample7	C4BPA	192	185
sample7	CAAP1	1153	1071
sample7	CAMK2D	211	205
sample7	CD55	1056	1006
sample7	CEBPD	12210	10384
sample7	CFD	8999	7787
sample7	CLDN4	1577	1526
sample7	COMP	39	38
sample7	CP	2579	2416
sample7	CRABP2	2060	1957
sample7	CYC1	3531	3265
sample7	DDX52	366	352
sample7	DEFB1	2024	1912
sample7	DKK1	260	251
sample7	DPP4	185	177
sample7	DYNLT3	4869	4357
sample7	EDN3	14	14
sample7	EDNRB	109	108
sample7	EFNA1	1436	1359
sample7	ENPEP	105	98
sample7	ERCC_00004	0	0
sample7	ERCC_00108	0	0
sample7	ERCC_00116	0	0
sample7	ERCC_00136	0	0
sample7	FOXN2	1018	970
sample7	G0S2	1558	1478
sample7	GADD45A	1002	953
sample7	GBP2	2794	2542
sample7	GGNBP2	2515	2383
sample7	GNLY	69056	40496
sample7	GPX3	557	532
sample7	HABP2	110	103
sample7	HMBS	738	713
sample7	ICA1L	88	85
sample7	ID4	2689	2520
sample7	IDO1	4501	4133
sample7	IGFBP1	59	57
sample7	IL15	1206	1118
sample7	LAMB3	526	513
sample7	LEFTY1	11745	10133
sample7	MAOA	1859	1728
sample7	MAP3K5	704	671
sample7	MMP7	118	113
sample7	MT1G	102164	47416
sample7	MT1H	12896	11097
sample7	NDRG1	153	148
sample7	NNMT	630	610
sample7	OGT	1340	1268
sample7	OLFM1	257	247
sample7	PAEP	76	76
sample7	PPIP5K2	939	904
sample7	PRUNE2	1189	1131
sample7	RIC3	58	56
sample7	S100P	185	176
sample7	SDHA	2911	2724
sample7	SERPING1	10644	9190
sample7	SFRP4	2015	1889
sample7	SLC1A1	119	113
sample7	SPP1	5173	4681
sample7	TBP	864	826
sample7	TCN1	277	263
sample7	TPM2	7220	6473
sample7	TSPAN8	68	66
sample7	unmatched	17693	10522
sample7	YARS2	2533	2310
sample8	ABCC3	70	68
sample8	ACADSB	116	110
sample8	ANXA2	26444	17885
sample8	ANXA4	2603	2431
sample8	AOX1	85	83
sample8	APOD	9	9
sample8	AQP3	1549	1469
sample8	ARG2	99	97
sample8	ARID5B	92	89
sample8	BCL6	85	81
sample8	C10orf10	621	598
sample8	C1R	5710	5066
sample8	C4BPA	137	134
sample8	CAAP1	885	837
sample8	CAMK2D	198	193
sample8	CD55	432	420
sample8	CEBPD	6067	5514
sample8	CFD	3126	2933
sample8	CLDN4	671	642
sample8	COMP	60	56
sample8	CP	1400	1327
sample8	CRABP2	2145	2037
sample8	CYC1	1964	1853
sample8	DDX52	206	201
sample8	DEFB1	879	844
sample8	DKK1	136	132
sample8	DPP4	107	101
sample8	DYNLT3	1685	1601
sample8	EDN3	12	12
sample8	EDNRB	253	240
sample8	EFNA1	963	912
sample8	ENPEP	113	110
sample8	ERCC_00004	0	0
sample8	ERCC_00108	0	0
sample8	ERCC_00116	0	0
sample8	ERCC_00136	0	0
sample8	FOXN2	747	720
sample8	G0S2	1017	986
sample8	GADD45A	790	755
sample8	GBP2	989	939
sample8	GGNBP2	1345	1288
sample8	GNLY	2078	1986
sample8	GPX3	674	648
sample8	HABP2	125	124
sample8	HMBS	473	462
sample8	ICA1L	83	82
sample8	ID4	2529	2391
sample8	IDO1	2246	2135
sample8	IGFBP1	87	86
sample8	IL15	756	720
sample8	LAMB3	246	235
sample8	LEFTY1	3326	3132
sample8	MAOA	879	831
sample8	MAP3K5	328	320
sample8	MMP7	248	237
sample8	MT1G	13354	11479
sample8	MT1H	1335	1280
sample8	NDRG1	100	96
sample8	NNMT	306	299
sample8	OGT	564	535
sample8	OLFM1	410	397
sample8	PAEP	69	64
sample8	PPIP5K2	507	490
sample8	PRUNE2	416	401
sample8	RIC3	91	88
sample8	S100P	170	164
sample8	SDHA	1534	1461
sample8	SERPING1	3886	3635
sample8	SFRP4	1720	1616
sample8	SLC1A1	80	77
sample8	SPP1	8394	7383
sample8	TBP	631	604
sample8	TCN1	161	154
sample8	TPM2	5026	4610
sample8	TSPAN8	84	79
sample8	unmatched	8142	5370
sample8	YARS2	2333	2152
sample9	ABCC3	86	81
sample9	ACADSB	153	149
sample9	ANXA2	46808	26504
sample9	ANXA4	9340	7926
sample9	AOX1	106	105
sample9	APOD	10	10
sample9	AQP3	2554	2342
sample9	ARG2	390	376
sample9	ARID5B	108	103
sample9	BCL6	340	320
sample9	C10orf10	1640	1554
sample9	C1R	10728	8943
sample9	C4BPA	127	123
sample9	CAAP1	1986	1820
sample9	CAMK2D	524	506
sample9	CD55	1272	1214
sample9	CEBPD	9533	8340
sample9	CFD	21932	16458
sample9	CLDN4	2586	2454
sample9	COMP	73	71
sample9	CP	752	694
sample9	CRABP2	2563	2414
sample9	CYC1	4283	3935
sample9	DDX52	641	617
sample9	DEFB1	3504	3242
sample9	DKK1	311	299
sample9	DPP4	254	238
sample9	DYNLT3	6544	5761
sample9	EDN3	15	15
sample9	EDNRB	414	386
sample9	EFNA1	1430	1346
sample9	ENPEP	160	152
sample9	ERCC_00004	1	1
sample9	ERCC_00108	0	0
sample9	ERCC_00116	0	0
sample9	ERCC_00136	0	0
sample9	FOXN2	1348	1291
sample9	G0S2	1792	1702
sample9	GADD45A	1190	1120
sample9	GBP2	5088	4518
sample9	GGNBP2	3327	3085
sample9	GNLY	63772	38490
sample9	GPX3	381	363
sample9	HABP2	101	94
sample9	HMBS	942	905
sample9	ICA1L	151	145
sample9	ID4	9442	8131
sample9	IDO1	5062	4629
sample9	IGFBP1	107	100
sample9	IL15	3149	2814
sample9	LAMB3	474	454
sample9	LEFTY1	13447	11503
sample9	MAOA	2613	2400
sample9	MAP3K5	841	787
sample9	MMP7	72	67
sample9	MT1G	74392	40655
sample9	MT1H	8918	7932
sample9	NDRG1	125	121
sample9	NNMT	1016	969
sample9	OGT	1788	1689
sample9	OLFM1	676	627
sample9	PAEP	122	118
sample9	PPIP5K2	1452	1381
sample9	PRUNE2	1099	1037
sample9	RIC3	91	88
sample9	S100P	194	187
sample9	SDHA	4444	4072
sample9	SERPING1	11545	9846
sample9	SFRP4	4871	4465
sample9	SLC1A1	108	106
sample9	SPP1	9738	8384
sample9	TBP	1498	1406
sample9	TCN1	312	293
sample9	TPM2	9028	7972
sample9	TSPAN8	127	124
sample9	unmatched	20139	11972
sample9	YARS2	3810	3406
sample10	ABCC3	213	208
sample10	ACADSB	310	300
sample10	ANXA2	56409	29731
sample10	ANXA4	11805	9955
sample10	AOX1	224	216
sample10	APOD	12	12
sample10	AQP3	782	747
sample10	ARG2	653	631
sample10	ARID5B	215	207
sample10	BCL6	126	121
sample10	C10orf10	2561	2411
sample10	C1R	3724	3408
sample10	C4BPA	425	402
sample10	CAAP1	938	891
sample10	CAMK2D	292	291
sample10	CD55	2094	1988
sample10	CEBPD	8876	7887
sample10	CFD	5399	4914
sample10	CLDN4	2647	2529
sample10	COMP	181	176
sample10	CP	2427	2284
sample10	CRABP2	1245	1204
sample10	CYC1	1867	1776
sample10	DDX52	894	857
sample10	DEFB1	7744	6950
sample10	DKK1	339	320
sample10	DPP4	329	320
sample10	DYNLT3	5396	4883
sample10	EDN3	10	10
sample10	EDNRB	415	395
sample10	EFNA1	1487	1411
sample10	ENPEP	385	368
sample10	ERCC_00004	0	0
sample10	ERCC_00108	0	0
sample10	ERCC_00116	0	0
sample10	ERCC_00136	0	0
sample10	FOXN2	1044	999
sample10	G0S2	406	395
sample10	GADD45A	1127	1065
sample10	GBP2	4876	4367
sample10	GGNBP2	1482	1408
sample10	GNLY	20472	16786
sample10	GPX3	434	427
sample10	HABP2	200	195
sample10	HMBS	398	384
sample10	ICA1L	222	214
sample10	ID4	7024	6224
sample10	IDO1	4741	4412
sample10	IGFBP1	262	251
sample10	IL15	1631	1513
sample10	LAMB3	523	513
sample10	LEFTY1	7753	7037
sample10	MAOA	2537	2372
sample10	MAP3K5	445	429
sample10	MMP7	131	126
sample10	MT1G	149306	54315
sample10	MT1H	19943	16302
sample10	NDRG1	250	242
sample10	NNMT	683	651
sample10	OGT	1035	996
sample10	OLFM1	295	288
sample10	PAEP	224	215
sample10	PPIP5K2	751	725
sample10	PRUNE2	1420	1355
sample10	RIC3	210	207
sample10	S100P	2239	2069
sample10	SDHA	1888	1800
sample10	SERPING1	4677	4317
sample10	SFRP4	3402	3171
sample10	SLC1A1	222	220
sample10	SPP1	7845	7048
sample10	TBP	853	815
sample10	TCN1	300	291
sample10	TPM2	4306	4021
sample10	TSPAN8	291	281
sample10	unmatched	18627	10765
sample10	YARS2	5063	4446
sample11	ABCC3	95	93
sample11	ACADSB	154	149
sample11	ANXA2	55847	29714
sample11	ANXA4	5355	4803
sample11	AOX1	99	99
sample11	APOD	10	10
sample11	AQP3	2597	2400
sample11	ARG2	321	305
sample11	ARID5B	63	62
sample11	BCL6	314	307
sample11	C10orf10	1071	1034
sample11	C1R	7672	6636
sample11	C4BPA	214	204
sample11	CAAP1	1400	1315
sample11	CAMK2D	257	254
sample11	CD55	914	869
sample11	CEBPD	8592	7618
sample11	CFD	15020	12119
sample11	CLDN4	2486	2377
sample11	COMP	69	67
sample11	CP	3924	3652
sample11	CRABP2	1376	1310
sample11	CYC1	3416	3190
sample11	DDX52	440	431
sample11	DEFB1	2450	2312
sample11	DKK1	296	289
sample11	DPP4	165	158
sample11	DYNLT3	6137	5428
sample11	EDN3	9	9
sample11	EDNRB	339	331
sample11	EFNA1	1497	1427
sample11	ENPEP	123	116
sample11	ERCC_00004	0	0
sample11	ERCC_00108	0	0
sample11	ERCC_00116	0	0
sample11	ERCC_00136	0	0
sample11	FOXN2	1093	1046
sample11	G0S2	1306	1255
sample11	GADD45A	1159	1094
sample11	GBP2	1910	1794
sample11	GGNBP2	2842	2677
sample11	GNLY	25696	20310
sample11	GPX3	1489	1426
sample11	HABP2	120	115
sample11	HMBS	582	563
sample11	ICA1L	93	90
sample11	ID4	9151	7975
sample11	IDO1	3307	3073
sample11	IGFBP1	95	93
sample11	IL15	1686	1574
sample11	LAMB3	309	298
sample11	LEFTY1	4401	4089
sample11	MAOA	3613	3283
sample11	MAP3K5	636	613
sample11	MMP7	206	200
sample11	MT1G	103119	47683
sample11	MT1H	6971	6328
sample11	NDRG1	197	194
sample11	NNMT	650	617
sample11	OGT	1254	1203
sample11	OLFM1	504	479
sample11	PAEP	887	849
sample11	PPIP5K2	1064	1025
sample11	PRUNE2	760	730
sample11	RIC3	58	55
sample11	S100P	1771	1669
sample11	SDHA	3466	3218
sample11	SERPING1	8295	7317
sample11	SFRP4	2772	2577
sample11	SLC1A1	160	153
sample11	SPP1	9946	8546
sample11	TBP	1214	1149
sample11	TCN1	339	324
sample11	TPM2	7239	6479
sample11	TSPAN8	144	143
sample11	unmatched	22238	12734
sample11	YARS2	2616	2423
sample12	ABCC3	59	56
sample12	ACADSB	65	64
sample12	ANXA2	70052	34737
sample12	ANXA4	16517	13140
sample12	AOX1	28	27
sample12	APOD	6	6
sample12	AQP3	867	845
sample12	ARG2	1171	1142
sample12	ARID5B	29	28
sample12	BCL6	532	519
sample12	C10orf10	13923	11755
sample12	C1R	4052	3727
sample12	C4BPA	451	437
sample12	CAAP1	569	553
sample12	CAMK2D	185	182
sample12	CD55	4324	4059
sample12	CEBPD	13600	11682
sample12	CFD	4085	3828
sample12	CLDN4	5042	4791
sample12	COMP	29	28
sample12	CP	4576	4280
sample12	CRABP2	350	339
sample12	CYC1	1433	1384
sample12	DDX52	3005	2849
sample12	DEFB1	11140	9732
sample12	DKK1	128	126
sample12	DPP4	85	83
sample12	DYNLT3	11407	9605
sample12	EDN3	2	2
sample12	EDNRB	619	598
sample12	EFNA1	3195	3017
sample12	ENPEP	30	28
sample12	ERCC_00004	0	0
sample12	ERCC_00108	0	0
sample12	ERCC_00116	0	0
sample12	ERCC_00136	0	0
sample12	FOXN2	517	502
sample12	G0S2	1467	1418
sample12	GADD45A	570	552
sample12	GBP2	8606	7384
sample12	GGNBP2	1300	1260
sample12	GNLY	8639	7899
sample12	GPX3	1061	1021
sample12	HABP2	59	59
sample12	HMBS	142	140
sample12	ICA1L	45	45
sample12	ID4	7030	6350
sample12	IDO1	4508	4253
sample12	IGFBP1	13	13
sample12	IL15	1246	1179
sample12	LAMB3	993	964
sample12	LEFTY1	4914	4592
sample12	MAOA	3859	3572
sample12	MAP3K5	2071	1999
sample12	MMP7	146	142
sample12	MT1G	105996	48681
sample12	MT1H	12400	10881
sample12	NDRG1	195	191
sample12	NNMT	384	371
sample12	OGT	632	618
sample12	OLFM1	69	67
sample12	PAEP	556	548
sample12	PPIP5K2	506	495
sample12	PRUNE2	237	235
sample12	RIC3	12	12
sample12	S100P	13317	10432
sample12	SDHA	1756	1691
sample12	SERPING1	8666	7776
sample12	SFRP4	987	961
sample12	SLC1A1	91	90
sample12	SPP1	800	780
sample12	TBP	1003	980
sample12	TCN1	634	619
sample12	TPM2	2852	2709
sample12	TSPAN8	128	124
sample12	unmatched	29340	11736
sample12	YARS2	657	643
sample13	ABCC3	72	70
sample13	ACADSB	109	106
sample13	ANXA2	53410	28961
sample13	ANXA4	8084	7042
sample13	AOX1	77	75
sample13	APOD	24	24
sample13	AQP3	1082	1037
sample13	ARG2	547	532
sample13	ARID5B	49	46
sample13	BCL6	460	437
sample13	C10orf10	8796	7744
sample13	C1R	6397	5702
sample13	C4BPA	2562	2377
sample13	CAAP1	751	716
sample13	CAMK2D	191	190
sample13	CD55	6656	6076
sample13	CEBPD	13050	11101
sample13	CFD	4619	4212
sample13	CLDN4	6120	5719
sample13	COMP	26	25
sample13	CP	12345	10613
sample13	CRABP2	572	561
sample13	CYC1	1821	1730
sample13	DDX52	1660	1582
sample13	DEFB1	11222	9737
sample13	DKK1	249	238
sample13	DPP4	212	205
sample13	DYNLT3	10761	9108
sample13	EDN3	4	4
sample13	EDNRB	1119	1050
sample13	EFNA1	4899	4480
sample13	ENPEP	39	38
sample13	ERCC_00004	0	0
sample13	ERCC_00108	0	0
sample13	ERCC_00116	0	0
sample13	ERCC_00136	0	0
sample13	FOXN2	733	706
sample13	G0S2	295	278
sample13	GADD45A	2566	2365
sample13	GBP2	6118	5450
sample13	GGNBP2	1659	1589
sample13	GNLY	17571	14948
sample13	GPX3	12408	10513
sample13	HABP2	705	677
sample13	HMBS	218	215
sample13	ICA1L	55	52
sample13	ID4	11075	9604
sample13	IDO1	8653	7740
sample13	IGFBP1	47	45
sample13	IL15	1545	1459
sample13	LAMB3	834	809
sample13	LEFTY1	2727	2608
sample13	MAOA	3692	3359
sample13	MAP3K5	1416	1350
sample13	MMP7	338	329
sample13	MT1G	84867	43698
sample13	MT1H	8909	7960
sample13	NDRG1	150	148
sample13	NNMT	2385	2218
sample13	OGT	1078	1029
sample13	OLFM1	205	199
sample13	PAEP	11891	10492
sample13	PPIP5K2	641	621
sample13	PRUNE2	893	874
sample13	RIC3	34	31
sample13	S100P	5894	5162
sample13	SDHA	2216	2105
sample13	SERPING1	11456	9910
sample13	SFRP4	2120	2007
sample13	SLC1A1	126	124
sample13	SPP1	11981	10187
sample13	TBP	1036	991
sample13	TCN1	236	227
sample13	TPM2	4383	4067
sample13	TSPAN8	608	581
sample13	unmatched	16929	10770
sample13	YARS2	1299	1240
sample14	ABCC3	95	95
sample14	ACADSB	112	110
sample14	ANXA2	21978	15825
sample14	ANXA4	1457	1397
sample14	AOX1	103	102
sample14	APOD	1	1
sample14	AQP3	911	880
sample14	ARG2	143	141
sample14	ARID5B	78	77
sample14	BCL6	122	119
sample14	C10orf10	1107	1071
sample14	C1R	2063	1939
sample14	C4BPA	105	103
sample14	CAAP1	713	685
sample14	CAMK2D	206	200
sample14	CD55	453	441
sample14	CEBPD	3738	3488
sample14	CFD	996	958
sample14	CLDN4	653	638
sample14	COMP	73	72
sample14	CP	422	414
sample14	CRABP2	1723	1660
sample14	CYC1	1645	1586
sample14	DDX52	408	394
sample14	DEFB1	432	418
sample14	DKK1	126	124
sample14	DPP4	160	156
sample14	DYNLT3	2996	2819
sample14	EDN3	11	9
sample14	EDNRB	326	317
sample14	EFNA1	774	747
sample14	ENPEP	112	111
sample14	ERCC_00004	0	0
sample14	ERCC_00108	0	0
sample14	ERCC_00116	0	0
sample14	ERCC_00136	0	0
sample14	FOXN2	692	669
sample14	G0S2	255	251
sample14	GADD45A	534	511
sample14	GBP2	697	678
sample14	GGNBP2	1375	1322
sample14	GNLY	5976	5559
sample14	GPX3	261	254
sample14	HABP2	104	104
sample14	HMBS	289	283
sample14	ICA1L	110	107
sample14	ID4	2230	2130
sample14	IDO1	1691	1629
sample14	IGFBP1	107	105
sample14	IL15	734	707
sample14	LAMB3	162	157
sample14	LEFTY1	1109	1076
sample14	MAOA	411	401
sample14	MAP3K5	426	412
sample14	MMP7	181	174
sample14	MT1G	4872	4562
sample14	MT1H	339	331
sample14	NDRG1	106	104
sample14	NNMT	216	212
sample14	OGT	597	576
sample14	OLFM1	776	748
sample14	PAEP	325	319
sample14	PPIP5K2	514	501
sample14	PRUNE2	164	158
sample14	RIC3	77	74
sample14	S100P	147	141
sample14	SDHA	1785	1718
sample14	SERPING1	2230	2143
sample14	SFRP4	6704	6094
sample14	SLC1A1	79	79
sample14	SPP1	2705	2551
sample14	TBP	683	663
sample14	TCN1	200	198
sample14	TPM2	3613	3388
sample14	TSPAN8	89	86
sample14	unmatched	7715	4916
sample14	YARS2	2213	2069
sample15	ABCC3	150	146
sample15	ACADSB	282	266
sample15	ANXA2	56480	30126
sample15	ANXA4	8875	7413
sample15	AOX1	194	189
sample15	APOD	10	10
sample15	AQP3	1587	1455
sample15	ARG2	566	527
sample15	ARID5B	157	149
sample15	BCL6	264	250
sample15	C10orf10	1424	1334
sample15	C1R	11741	9499
sample15	C4BPA	228	209
sample15	CAAP1	1872	1699
sample15	CAMK2D	369	355
sample15	CD55	1175	1096
sample15	CEBPD	11529	9748
sample15	CFD	14251	11535
sample15	CLDN4	3404	3186
sample15	COMP	164	152
sample15	CP	1421	1303
sample15	CRABP2	4091	3787
sample15	CYC1	5479	4893
sample15	DDX52	648	616
sample15	DEFB1	3947	3601
sample15	DKK1	371	344
sample15	DPP4	308	288
sample15	DYNLT3	7845	6668
sample15	EDN3	12	12
sample15	EDNRB	631	583
sample15	EFNA1	2001	1856
sample15	ENPEP	271	256
sample15	ERCC_00004	0	0
sample15	ERCC_00108	0	0
sample15	ERCC_00116	0	0
sample15	ERCC_00136	0	0
sample15	FOXN2	1497	1398
sample15	G0S2	1967	1829
sample15	GADD45A	1446	1330
sample15	GBP2	4160	3694
sample15	GGNBP2	3330	3070
sample15	GNLY	32660	24247
sample15	GPX3	538	502
sample15	HABP2	179	168
sample15	HMBS	1330	1261
sample15	ICA1L	191	180
sample15	ID4	10699	8880
sample15	IDO1	4935	4469
sample15	IGFBP1	202	191
sample15	IL15	2571	2294
sample15	LAMB3	478	447
sample15	LEFTY1	10151	8799
sample15	MAOA	2777	2492
sample15	MAP3K5	847	801
sample15	MMP7	189	179
sample15	MT1G	83815	43049
sample15	MT1H	7604	6725
sample15	NDRG1	229	219
sample15	NNMT	786	735
sample15	OGT	1715	1579
sample15	OLFM1	666	627
sample15	PAEP	356	332
sample15	PPIP5K2	1493	1385
sample15	PRUNE2	543	496
sample15	RIC3	172	162
sample15	S100P	323	306
sample15	SDHA	4900	4379
sample15	SERPING1	13779	11324
sample15	SFRP4	3822	3466
sample15	SLC1A1	274	255
sample15	SPP1	14734	11924
sample15	TBP	1550	1431
sample15	TCN1	420	405
sample15	TPM2	9576	8254
sample15	TSPAN8	207	195
sample15	unmatched	25400	13389
sample15	YARS2	5715	4915
sample16	ABCC3	53	52
sample16	ACADSB	73	72
sample16	ANXA2	64879	32540
sample16	ANXA4	8955	7750
sample16	AOX1	77	74
sample16	APOD	6	5
sample16	AQP3	1251	1206
sample16	ARG2	749	730
sample16	ARID5B	47	46
sample16	BCL6	120	118
sample16	C10orf10	3738	3528
sample16	C1R	4827	4384
sample16	C4BPA	1172	1135
sample16	CAAP1	424	407
sample16	CAMK2D	127	124
sample16	CD55	3014	2871
sample16	CEBPD	10775	9502
sample16	CFD	6405	5818
sample16	CLDN4	3145	3003
sample16	COMP	104	103
sample16	CP	5740	5316
sample16	CRABP2	433	415
sample16	CYC1	1518	1458
sample16	DDX52	750	730
sample16	DEFB1	28131	21016
sample16	DKK1	109	107
sample16	DPP4	99	95
sample16	DYNLT3	6442	5761
sample16	EDN3	2	2
sample16	EDNRB	199	190
sample16	EFNA1	1363	1306
sample16	ENPEP	69	67
sample16	ERCC_00004	0	0
sample16	ERCC_00108	0	0
sample16	ERCC_00116	0	0
sample16	ERCC_00136	0	0
sample16	FOXN2	417	408
sample16	G0S2	229	225
sample16	GADD45A	1216	1161
sample16	GBP2	3762	3490
sample16	GGNBP2	826	804
sample16	GNLY	31886	24262
sample16	GPX3	2024	1959
sample16	HABP2	168	162
sample16	HMBS	307	303
sample16	ICA1L	54	54
sample16	ID4	7119	6401
sample16	IDO1	3263	3097
sample16	IGFBP1	65	65
sample16	IL15	1097	1061
sample16	LAMB3	439	428
sample16	LEFTY1	4238	3987
sample16	MAOA	2549	2380
sample16	MAP3K5	464	458
sample16	MMP7	97	94
sample16	MT1G	118287	50487
sample16	MT1H	12676	11084
sample16	NDRG1	61	60
sample16	NNMT	931	888
sample16	OGT	406	395
sample16	OLFM1	98	96
sample16	PAEP	4247	3975
sample16	PPIP5K2	294	289
sample16	PRUNE2	608	591
sample16	RIC3	44	44
sample16	S100P	8944	7522
sample16	SDHA	1101	1062
sample16	SERPING1	5707	5267
sample16	SFRP4	345	337
sample16	SLC1A1	161	159
sample16	SPP1	7673	6858
sample16	TBP	494	478
sample16	TCN1	303	296
sample16	TPM2	4895	4560
sample16	TSPAN8	344	337
sample16	unmatched	15844	10129
sample16	YARS2	1520	1451
sample17	ABCC3	42	41
sample17	ACADSB	63	58
sample17	ANXA2	39467	23648
sample17	ANXA4	7403	6438
sample17	AOX1	39	38
sample17	APOD	0	0
sample17	AQP3	2630	2407
sample17	ARG2	407	394
sample17	ARID5B	27	26
sample17	BCL6	90	85
sample17	C10orf10	1550	1490
sample17	C1R	1309	1242
sample17	C4BPA	171	161
sample17	CAAP1	941	887
sample17	CAMK2D	169	164
sample17	CD55	838	797
sample17	CEBPD	6274	5640
sample17	CFD	862	822
sample17	CLDN4	2499	2385
sample17	COMP	26	25
sample17	CP	1638	1558
sample17	CRABP2	1822	1750
sample17	CYC1	2260	2127
sample17	DDX52	426	413
sample17	DEFB1	3617	3368
sample17	DKK1	44	43
sample17	DPP4	56	54
sample17	DYNLT3	5677	5030
sample17	EDN3	2	2
sample17	EDNRB	371	358
sample17	EFNA1	1738	1663
sample17	ENPEP	49	49
sample17	ERCC_00004	0	0
sample17	ERCC_00108	0	0
sample17	ERCC_00116	0	0
sample17	ERCC_00136	0	0
sample17	FOXN2	433	419
sample17	G0S2	2730	2574
sample17	GADD45A	946	902
sample17	GBP2	2331	2159
sample17	GGNBP2	1763	1666
sample17	GNLY	1857	1789
sample17	GPX3	871	827
sample17	HABP2	65	62
sample17	HMBS	516	504
sample17	ICA1L	53	50
sample17	ID4	4167	3849
sample17	IDO1	3374	3160
sample17	IGFBP1	31	30
sample17	IL15	410	384
sample17	LAMB3	643	628
sample17	LEFTY1	6046	5540
sample17	MAOA	1465	1393
sample17	MAP3K5	545	514
sample17	MMP7	211	201
sample17	MT1G	44334	29697
sample17	MT1H	2166	2047
sample17	NDRG1	42	41
sample17	NNMT	244	238
sample17	OGT	371	353
sample17	OLFM1	163	157
sample17	PAEP	108	103
sample17	PPIP5K2	542	526
sample17	PRUNE2	1044	1003
sample17	RIC3	36	33
sample17	S100P	425	407
sample17	SDHA	2374	2244
sample17	SERPING1	2682	2533
sample17	SFRP4	756	723
sample17	SLC1A1	184	176
sample17	SPP1	26397	19192
sample17	TBP	882	841
sample17	TCN1	1243	1192
sample17	TPM2	2293	2178
sample17	TSPAN8	143	137
sample17	unmatched	12824	7272
sample17	YARS2	1299	1221
sample18	ABCC3	51	51
sample18	ACADSB	106	104
sample18	ANXA2	14762	11681
sample18	ANXA4	3988	3679
sample18	AOX1	72	70
sample18	APOD	3	3
sample18	AQP3	777	753
sample18	ARG2	126	122
sample18	ARID5B	62	62
sample18	BCL6	106	104
sample18	C10orf10	449	439
sample18	C1R	4574	4169
sample18	C4BPA	70	70
sample18	CAAP1	795	756
sample18	CAMK2D	174	173
sample18	CD55	381	367
sample18	CEBPD	4921	4558
sample18	CFD	3659	3422
sample18	CLDN4	952	929
sample18	COMP	64	64
sample18	CP	591	570
sample18	CRABP2	1391	1353
sample18	CYC1	1547	1491
sample18	DDX52	213	210
sample18	DEFB1	1151	1113
sample18	DKK1	187	180
sample18	DPP4	108	106
sample18	DYNLT3	2525	2376
sample18	EDN3	4	4
sample18	EDNRB	278	272
sample18	EFNA1	711	691
sample18	ENPEP	89	86
sample18	ERCC_00004	0	0
sample18	ERCC_00108	0	0
sample18	ERCC_00116	0	0
sample18	ERCC_00136	0	0
sample18	FOXN2	546	534
sample18	G0S2	2204	2089
sample18	GADD45A	627	614
sample18	GBP2	1651	1568
sample18	GGNBP2	1311	1252
sample18	GNLY	19274	15967
sample18	GPX3	200	196
sample18	HABP2	62	59
sample18	HMBS	361	351
sample18	ICA1L	85	85
sample18	ID4	5316	4882
sample18	IDO1	1908	1835
sample18	IGFBP1	76	71
sample18	IL15	1269	1193
sample18	LAMB3	241	230
sample18	LEFTY1	2889	2772
sample18	MAOA	1010	978
sample18	MAP3K5	336	328
sample18	MMP7	46	46
sample18	MT1G	17293	14509
sample18	MT1H	1793	1731
sample18	NDRG1	103	99
sample18	NNMT	281	275
sample18	OGT	532	517
sample18	OLFM1	308	300
sample18	PAEP	71	69
sample18	PPIP5K2	545	537
sample18	PRUNE2	237	227
sample18	RIC3	84	83
sample18	S100P	93	90
sample18	SDHA	1388	1350
sample18	SERPING1	5514	5121
sample18	SFRP4	1511	1467
sample18	SLC1A1	64	61
sample18	SPP1	5791	5303
sample18	TBP	631	619
sample18	TCN1	119	117
sample18	TPM2	3525	3333
sample18	TSPAN8	90	83
sample18	unmatched	8957	6268
sample18	YARS2	2101	1968
sample19	ABCC3	93	91
sample19	ACADSB	185	176
sample19	ANXA2	59828	31010
sample19	ANXA4	7492	6513
sample19	AOX1	81	80
sample19	APOD	14	14
sample19	AQP3	2939	2680
sample19	ARG2	872	830
sample19	ARID5B	53	52
sample19	BCL6	534	518
sample19	C10orf10	8592	7652
sample19	C1R	4847	4370
sample19	C4BPA	1135	1088
sample19	CAAP1	1193	1127
sample19	CAMK2D	332	324
sample19	CD55	2732	2584
sample19	CEBPD	12401	10651
sample19	CFD	7536	6641
sample19	CLDN4	7182	6622
sample19	COMP	64	64
sample19	CP	6429	5829
sample19	CRABP2	552	540
sample19	CYC1	2470	2307
sample19	DDX52	1892	1784
sample19	DEFB1	7604	6814
sample19	DKK1	162	159
sample19	DPP4	164	154
sample19	DYNLT3	13514	11068
sample19	EDN3	6	5
sample19	EDNRB	1186	1123
sample19	EFNA1	3945	3628
sample19	ENPEP	108	103
sample19	ERCC_00004	0	0
sample19	ERCC_00108	0	0
sample19	ERCC_00116	0	0
sample19	ERCC_00136	0	0
sample19	FOXN2	779	748
sample19	G0S2	967	931
sample19	GADD45A	1260	1188
sample19	GBP2	5420	4824
sample19	GGNBP2	2196	2084
sample19	GNLY	12806	11232
sample19	GPX3	1839	1747
sample19	HABP2	124	121
sample19	HMBS	408	398
sample19	ICA1L	101	98
sample19	ID4	5953	5365
sample19	IDO1	3985	3715
sample19	IGFBP1	68	66
sample19	IL15	1611	1494
sample19	LAMB3	415	401
sample19	LEFTY1	2395	2273
sample19	MAOA	5720	5103
sample19	MAP3K5	1554	1478
sample19	MMP7	158	153
sample19	MT1G	104517	47923
sample19	MT1H	9170	8181
sample19	NDRG1	248	241
sample19	NNMT	1226	1172
sample19	OGT	971	931
sample19	OLFM1	390	378
sample19	PAEP	7044	6439
sample19	PPIP5K2	973	933
sample19	PRUNE2	782	753
sample19	RIC3	65	60
sample19	S100P	1652	1561
sample19	SDHA	2614	2485
sample19	SERPING1	7648	6835
sample19	SFRP4	1771	1680
sample19	SLC1A1	164	164
sample19	SPP1	18765	14868
sample19	TBP	1913	1817
sample19	TCN1	892	861
sample19	TPM2	3820	3589
sample19	TSPAN8	340	326
sample19	unmatched	28540	15255
sample19	YARS2	2576	2385
sample20	ABCC3	104	101
sample20	ACADSB	124	120
sample20	ANXA2	49425	27376
sample20	ANXA4	8651	7458
sample20	AOX1	111	108
sample20	APOD	19	19
sample20	AQP3	2131	1999
sample20	ARG2	739	723
sample20	ARID5B	69	67
sample20	BCL6	332	327
sample20	C10orf10	10342	9100
sample20	C1R	5644	5062
sample20	C4BPA	4762	4298
sample20	CAAP1	567	545
sample20	CAMK2D	155	154
sample20	CD55	8269	7371
sample20	CEBPD	17042	13930
sample20	CFD	8104	7122
sample20	CLDN4	5815	5455
sample20	COMP	110	108
sample20	CP	4183	3890
sample20	CRABP2	732	708
sample20	CYC1	1224	1172
sample20	DDX52	1329	1275
sample20	DEFB1	24754	18944
sample20	DKK1	136	131
sample20	DPP4	208	204
sample20	DYNLT3	12241	10234
sample20	EDN3	0	0
sample20	EDNRB	1240	1173
sample20	EFNA1	4588	4211
sample20	ENPEP	114	110
sample20	ERCC_00004	0	0
sample20	ERCC_00108	0	0
sample20	ERCC_00116	0	0
sample20	ERCC_00136	0	0
sample20	FOXN2	477	461
sample20	G0S2	416	402
sample20	GADD45A	3627	3280
sample20	GBP2	4871	4393
sample20	GGNBP2	1186	1143
sample20	GNLY	13326	11600
sample20	GPX3	14641	11927
sample20	HABP2	302	298
sample20	HMBS	207	201
sample20	ICA1L	76	74
sample20	ID4	8654	7670
sample20	IDO1	4701	4377
sample20	IGFBP1	89	89
sample20	IL15	1232	1171
sample20	LAMB3	1242	1199
sample20	LEFTY1	1223	1178
sample20	MAOA	3939	3578
sample20	MAP3K5	1383	1336
sample20	MMP7	81	79
sample20	MT1G	69458	39186
sample20	MT1H	6809	6230
sample20	NDRG1	89	85
sample20	NNMT	2761	2560
sample20	OGT	633	612
sample20	OLFM1	281	273
sample20	PAEP	32961	24298
sample20	PPIP5K2	374	368
sample20	PRUNE2	474	465
sample20	RIC3	88	83
sample20	S100P	3497	3182
sample20	SDHA	1183	1151
sample20	SERPING1	11333	9757
sample20	SFRP4	973	934
sample20	SLC1A1	433	421
sample20	SPP1	9021	7928
sample20	TBP	783	760
sample20	TCN1	620	599
sample20	TPM2	3889	3658
sample20	TSPAN8	1234	1177
sample20	unmatched	16446	10345
sample20	YARS2	1667	1566
sample21	ABCC3	42	41
sample21	ACADSB	91	90
sample21	ANXA2	79178	35945
sample21	ANXA4	11704	9848
sample21	AOX1	37	37
sample21	APOD	9	9
sample21	AQP3	2137	1996
sample21	ARG2	657	642
sample21	ARID5B	35	34
sample21	BCL6	121	118
sample21	C10orf10	1411	1364
sample21	C1R	3903	3583
sample21	C4BPA	1245	1192
sample21	CAAP1	686	659
sample21	CAMK2D	212	210
sample21	CD55	2049	1944
sample21	CEBPD	6835	6244
sample21	CFD	4291	3935
sample21	CLDN4	3689	3504
sample21	COMP	30	30
sample21	CP	8504	7585
sample21	CRABP2	1039	1014
sample21	CYC1	2019	1920
sample21	DDX52	676	656
sample21	DEFB1	27071	20319
sample21	DKK1	62	61
sample21	DPP4	84	81
sample21	DYNLT3	8866	7663
sample21	EDN3	5	5
sample21	EDNRB	285	277
sample21	EFNA1	1578	1507
sample21	ENPEP	53	52
sample21	ERCC_00004	0	0
sample21	ERCC_00108	0	0
sample21	ERCC_00116	0	0
sample21	ERCC_00136	0	0
sample21	FOXN2	615	594
sample21	G0S2	192	186
sample21	GADD45A	1402	1328
sample21	GBP2	4028	3693
sample21	GGNBP2	1783	1717
sample21	GNLY	4165	3951
sample21	GPX3	910	879
sample21	HABP2	228	225
sample21	HMBS	352	337
sample21	ICA1L	48	48
sample21	ID4	5688	5206
sample21	IDO1	4446	4146
sample21	IGFBP1	48	48
sample21	IL15	812	777
sample21	LAMB3	266	259
sample21	LEFTY1	3832	3631
sample21	MAOA	3709	3386
sample21	MAP3K5	718	679
sample21	MMP7	111	106
sample21	MT1G	136524	52717
sample21	MT1H	19138	15711
sample21	NDRG1	56	54
sample21	NNMT	727	699
sample21	OGT	520	497
sample21	OLFM1	115	110
sample21	PAEP	2080	1986
sample21	PPIP5K2	395	383
sample21	PRUNE2	1118	1070
sample21	RIC3	28	27
sample21	S100P	2225	2059
sample21	SDHA	1897	1823
sample21	SERPING1	5447	4996
sample21	SFRP4	1397	1345
sample21	SLC1A1	89	87
sample21	SPP1	5687	5180
sample21	TBP	687	663
sample21	TCN1	239	235
sample21	TPM2	2893	2738
sample21	TSPAN8	121	118
sample21	unmatched	15304	9519
sample21	YARS2	1307	1248
sample22	ABCC3	80	79
sample22	ACADSB	126	121
sample22	ANXA2	51931	28610
sample22	ANXA4	10443	8841
sample22	AOX1	63	61
sample22	APOD	11	11
sample22	AQP3	830	801
sample22	ARG2	379	367
sample22	ARID5B	26	26
sample22	BCL6	400	385
sample22	C10orf10	1744	1662
sample22	C1R	8104	7056
sample22	C4BPA	432	417
sample22	CAAP1	982	933
sample22	CAMK2D	252	243
sample22	CD55	1773	1693
sample22	CEBPD	7544	6756
sample22	CFD	7790	6872
sample22	CLDN4	3385	3218
sample22	COMP	69	68
sample22	CP	1702	1619
sample22	CRABP2	4184	3894
sample22	CYC1	2366	2216
sample22	DDX52	472	456
sample22	DEFB1	6508	5969
sample22	DKK1	220	215
sample22	DPP4	167	163
sample22	DYNLT3	5305	4801
sample22	EDN3	12	12
sample22	EDNRB	177	173
sample22	EFNA1	1705	1634
sample22	ENPEP	71	68
sample22	ERCC_00004	0	0
sample22	ERCC_00108	0	0
sample22	ERCC_00116	0	0
sample22	ERCC_00136	0	0
sample22	FOXN2	825	795
sample22	G0S2	1373	1328
sample22	GADD45A	1123	1079
sample22	GBP2	5639	5056
sample22	GGNBP2	1877	1771
sample22	GNLY	13236	11564
sample22	GPX3	706	677
sample22	HABP2	104	103
sample22	HMBS	535	515
sample22	ICA1L	65	63
sample22	ID4	7127	6367
sample22	IDO1	4432	4145
sample22	IGFBP1	59	56
sample22	IL15	1105	1039
sample22	LAMB3	682	657
sample22	LEFTY1	10087	8959
sample22	MAOA	2221	2081
sample22	MAP3K5	640	619
sample22	MMP7	226	221
sample22	MT1G	147182	54246
sample22	MT1H	18811	15405
sample22	NDRG1	151	146
sample22	NNMT	513	504
sample22	OGT	1002	959
sample22	OLFM1	277	267
sample22	PAEP	722	706
sample22	PPIP5K2	783	758
sample22	PRUNE2	1479	1409
sample22	RIC3	44	44
sample22	S100P	1057	1006
sample22	SDHA	2436	2305
sample22	SERPING1	9396	8265
sample22	SFRP4	1877	1796
sample22	SLC1A1	57	57
sample22	SPP1	16526	13338
sample22	TBP	857	820
sample22	TCN1	144	139
sample22	TPM2	5787	5283
sample22	TSPAN8	154	150
sample22	unmatched	17455	10357
sample22	YARS2	1927	1807
sample23	ABCC3	193	190
sample23	ACADSB	85	85
sample23	ANXA2	78158	35777
sample23	ANXA4	12141	10089
sample23	AOX1	100	96
sample23	APOD	13	13
sample23	AQP3	2155	2024
sample23	ARG2	404	393
sample23	ARID5B	37	37
sample23	BCL6	626	608
sample23	C10orf10	3351	3155
sample23	C1R	4467	4035
sample23	C4BPA	4566	4189
sample23	CAAP1	863	815
sample23	CAMK2D	195	188
sample23	CD55	3056	2878
sample23	CEBPD	10100	8842
sample23	CFD	6981	6223
sample23	CLDN4	5856	5434
sample23	COMP	18	17
sample23	CP	3281	3082
sample23	CRABP2	1468	1415
sample23	CYC1	2227	2087
sample23	DDX52	356	342
sample23	DEFB1	10473	9166
sample23	DKK1	65	64
sample23	DPP4	198	193
sample23	DYNLT3	6793	6008
sample23	EDN3	11	11
sample23	EDNRB	989	938
sample23	EFNA1	3984	3657
sample23	ENPEP	80	76
sample23	ERCC_00004	0	0
sample23	ERCC_00108	0	0
sample23	ERCC_00116	0	0
sample23	ERCC_00136	0	0
sample23	FOXN2	683	663
sample23	G0S2	718	688
sample23	GADD45A	2656	2450
sample23	GBP2	5631	5006
sample23	GGNBP2	2034	1929
sample23	GNLY	17068	14478
sample23	GPX3	11331	9672
sample23	HABP2	333	327
sample23	HMBS	350	345
sample23	ICA1L	80	78
sample23	ID4	10306	8897
sample23	IDO1	13795	11777
sample23	IGFBP1	48	44
sample23	IL15	745	730
sample23	LAMB3	530	513
sample23	LEFTY1	1481	1430
sample23	MAOA	6948	6071
sample23	MAP3K5	571	553
sample23	MMP7	235	230
sample23	MT1G	62235	37007
sample23	MT1H	7417	6712
sample23	NDRG1	162	158
sample23	NNMT	3116	2876
sample23	OGT	1434	1365
sample23	OLFM1	275	272
sample23	PAEP	26119	20381
sample23	PPIP5K2	710	688
sample23	PRUNE2	678	648
sample23	RIC3	46	45
sample23	S100P	6873	5919
sample23	SDHA	2146	2037
sample23	SERPING1	12609	10668
sample23	SFRP4	1973	1883
sample23	SLC1A1	455	444
sample23	SPP1	2060	1958
sample23	TBP	1078	1040
sample23	TCN1	1489	1427
sample23	TPM2	6735	6130
sample23	TSPAN8	149	143
sample23	unmatched	20866	12264
sample23	YARS2	2506	2326
sample24	ABCC3	66	66
sample24	ACADSB	71	70
sample24	ANXA2	63830	32561
sample24	ANXA4	12526	10557
sample24	AOX1	12	12
sample24	APOD	11	10
sample24	AQP3	464	451
sample24	ARG2	856	839
sample24	ARID5B	17	17
sample24	BCL6	352	341
sample24	C10orf10	6563	6010
sample24	C1R	2589	2468
sample24	C4BPA	810	788
sample24	CAAP1	293	291
sample24	CAMK2D	192	188
sample24	CD55	5014	4701
sample24	CEBPD	8989	8100
sample24	CFD	5165	4788
sample24	CLDN4	7588	7020
sample24	COMP	215	212
sample24	CP	4226	3960
sample24	CRABP2	224	222
sample24	CYC1	1013	992
sample24	DDX52	1159	1119
sample24	DEFB1	26342	20153
sample24	DKK1	88	86
sample24	DPP4	112	110
sample24	DYNLT3	6754	6093
sample24	EDN3	1	1
sample24	EDNRB	249	245
sample24	EFNA1	2484	2371
sample24	ENPEP	18	18
sample24	ERCC_00004	0	0
sample24	ERCC_00108	0	0
sample24	ERCC_00116	0	0
sample24	ERCC_00136	0	0
sample24	FOXN2	242	235
sample24	G0S2	442	430
sample24	GADD45A	1023	990
sample24	GBP2	3994	3695
sample24	GGNBP2	695	675
sample24	GNLY	10211	9258
sample24	GPX3	5835	5350
sample24	HABP2	147	146
sample24	HMBS	88	86
sample24	ICA1L	14	14
sample24	ID4	5568	5138
sample24	IDO1	1942	1881
sample24	IGFBP1	78	77
sample24	IL15	573	555
sample24	LAMB3	1180	1145
sample24	LEFTY1	1871	1818
sample24	MAOA	3040	2833
sample24	MAP3K5	1131	1102
sample24	MMP7	93	93
sample24	MT1G	120401	50789
sample24	MT1H	15839	13556
sample24	NDRG1	274	270
sample24	NNMT	750	729
sample24	OGT	325	319
sample24	OLFM1	25	25
sample24	PAEP	9033	8198
sample24	PPIP5K2	176	173
sample24	PRUNE2	938	918
sample24	RIC3	3	3
sample24	S100P	14508	11318
sample24	SDHA	1060	1031
sample24	SERPING1	4514	4248
sample24	SFRP4	167	167
sample24	SLC1A1	255	254
sample24	SPP1	16009	13328
sample24	TBP	325	320
sample24	TCN1	310	302
sample24	TPM2	1793	1722
sample24	TSPAN8	922	894
sample24	unmatched	15475	9934
sample24	YARS2	436	429
